alert_key,probability
354014,1.0
354246,0.99998623
356605,0.9704592
364722,0.7292954
362478,0.506634
357471,0.3952554
360730,0.30733904
358254,0.22890088
363569,0.17356536
358819,0.14908795
364983,0.1488407
358846,0.14130466
354973,0.13835353
358736,0.13220175
352501,0.13039885
354054,0.12638633
355563,0.12601711
359361,0.124815166
354801,0.12423402
362859,0.123065494
356225,0.12291483
359771,0.12291483
354669,0.122266814
352343,0.11917929
354261,0.1186836
353413,0.11863122
360386,0.11442884
364044,0.107495055
357709,0.097026855
352872,0.09202
354007,0.09100829
354596,0.08968167
364926,0.088265486
362736,0.08776062
357706,0.08595573
360094,0.08587272
357526,0.08408547
358268,0.0831204
354939,0.081952445
363571,0.08073697
355523,0.08005887
359828,0.08005855
356165,0.08005855
357656,0.079256594
359827,0.079018004
354622,0.07623181
359491,0.074307494
361290,0.07181555
361999,0.07091051
353248,0.06714634
358459,0.06646746
360281,0.066127755
357259,0.06472859
356220,0.06404809
359767,0.06404809
362149,0.063241415
361143,0.062809
361843,0.06277626
360492,0.062470865
362225,0.06235877
352693,0.062309496
364472,0.06204148
355521,0.061566167
360074,0.06017372
356418,0.06017372
361008,0.059762456
364468,0.059708726
354658,0.059696734
356756,0.059548486
364193,0.059092745
360596,0.0579774
363261,0.057517212
362866,0.05700519
358610,0.056222364
359656,0.056029487
356050,0.05563144
359647,0.05563144
360589,0.054431673
362469,0.054266695
355755,0.053986114
359377,0.053822003
357484,0.05342856
360567,0.053233113
362486,0.05318285
354813,0.052949004
355123,0.052934017
354234,0.051837463
362101,0.051829107
353209,0.0517891
355378,0.05139275
355388,0.051112726
353198,0.05049097
355900,0.050268777
356932,0.050147664
364728,0.050054163
356221,0.050017174
359768,0.050017163
361282,0.049921058
363442,0.0498389
357112,0.049398944
361709,0.049243283
353843,0.04923586
355748,0.04909408
353383,0.048771497
355548,0.048757777
356773,0.048639104
357885,0.048057154
353586,0.047877505
360582,0.047491822
357124,0.04702722
354959,0.046576828
361150,0.04656551
352660,0.04655449
357850,0.046418853
363584,0.046379894
358214,0.045824576
363020,0.04553815
364977,0.04523238
358252,0.04516835
363453,0.045006186
364721,0.04494377
360645,0.044783667
355716,0.044585813
358260,0.04441588
361580,0.044360638
354817,0.044248663
364176,0.04409405
364163,0.044083256
364748,0.044034805
357869,0.044033658
354795,0.044030704
364455,0.043694753
360572,0.04368137
353855,0.04363966
356941,0.04350344
357304,0.04344218
353045,0.04343224
355740,0.043411925
355428,0.043265793
363441,0.043043733
358239,0.04288903
355540,0.042851403
354459,0.04276512
354950,0.042578157
356951,0.042235475
358989,0.041894104
353077,0.041828707
356300,0.041638467
359941,0.041638467
356180,0.041588094
359849,0.041588083
356068,0.041460983
355814,0.04131056
360649,0.04105097
364485,0.04085443
354471,0.04066258
358064,0.04065111
358622,0.040593006
357841,0.040589474
357115,0.040484376
363153,0.040469438
362207,0.04026448
357442,0.040249087
357513,0.04023339
361570,0.040192004
353579,0.0401802
353231,0.039934717
361720,0.039925177
362153,0.039876953
360652,0.039858714
363131,0.039737314
362230,0.039687663
363307,0.039613586
363773,0.03952759
356911,0.03945274
360592,0.039384328
362480,0.039236717
362287,0.039185803
360287,0.039111834
352291,0.03907737
353870,0.03904137
354831,0.039021906
359371,0.03899215
364189,0.03896998
355895,0.038944863
354778,0.038935956
355375,0.038909048
364484,0.03890395
355770,0.03888517
361857,0.038764607
364964,0.03875427
354443,0.03869138
355193,0.038681094
364041,0.038666353
357116,0.038484953
364148,0.0384745
356783,0.03846687
360600,0.038466185
357445,0.038456865
357221,0.038430355
359113,0.038410384
360406,0.03834394
364316,0.038305357
359498,0.03828434
362734,0.038157873
355753,0.03809072
362243,0.038083985
358844,0.038010195
361141,0.03797932
362869,0.037967496
362468,0.03792382
360250,0.037916493
355386,0.037903454
360072,0.037864294
354625,0.037787255
361128,0.03777999
362147,0.03769162
360513,0.0376604
358237,0.03745107
357288,0.03733664
358242,0.03723262
355546,0.03707597
362855,0.03705297
358968,0.03704061
358253,0.03702711
353865,0.036921468
359376,0.036610223
364633,0.0365588
364184,0.036540084
361459,0.03653282
353561,0.036298223
363339,0.03627543
363459,0.036232617
357693,0.036209542
357324,0.03611585
358828,0.036115527
356795,0.035966408
363580,0.035937667
361866,0.035935566
361863,0.03589186
358280,0.035844658
362136,0.035843384
362723,0.03581976
352332,0.035812583
353587,0.03575559
352493,0.035686158
356182,0.035656195
359851,0.035656195
355556,0.035644237
354256,0.03562233
363161,0.035610195
364030,0.035605926
358227,0.03552021
355810,0.035493664
364023,0.035444435
362864,0.03533683
356629,0.035298243
361456,0.035273775
364462,0.035257857
357295,0.035240088
354449,0.03521038
362241,0.035201743
354048,0.035193723
357705,0.035115317
360985,0.034984637
369487,0.03494964
371094,0.03494964
371062,0.03494964
369478,0.03494964
369476,0.03494964
371092,0.03494964
369790,0.03494964
371065,0.03494964
369486,0.03494964
371091,0.03494964
369619,0.03494964
369793,0.03494964
369792,0.03494964
371097,0.03494964
369463,0.03494964
371048,0.03494964
371058,0.03494964
371060,0.03494964
369464,0.03494964
369465,0.03494964
369468,0.03494964
369469,0.03494964
369470,0.03494964
369472,0.03494964
371105,0.03494964
369794,0.03494964
369473,0.03494964
369474,0.03494964
369542,0.03494964
371089,0.03494964
369784,0.03494964
371066,0.03494964
369629,0.03494964
369599,0.03494964
371068,0.03494964
369604,0.03494964
371078,0.03494964
369605,0.03494964
369630,0.03494964
369606,0.03494964
369612,0.03494964
369546,0.03494964
371076,0.03494964
369625,0.03494964
371074,0.03494964
371069,0.03494964
369613,0.03494964
371071,0.03494964
371072,0.03494964
369462,0.03494964
369597,0.03494964
369631,0.03494964
371079,0.03494964
369788,0.03494964
369617,0.03494964
371088,0.03494964
371084,0.03494964
369549,0.03494964
369550,0.03494964
369585,0.03494964
369586,0.03494964
369777,0.03494964
369588,0.03494964
371083,0.03494964
369593,0.03494964
369594,0.03494964
371082,0.03494964
369638,0.03494964
371106,0.03494964
370558,0.03494964
371228,0.03494964
369306,0.03494964
369296,0.03494964
369299,0.03494964
369300,0.03494964
371375,0.03494964
369302,0.03494964
369303,0.03494964
369305,0.03494964
371370,0.03494964
371369,0.03494964
371363,0.03494964
371250,0.03494964
369308,0.03494964
371362,0.03494964
369313,0.03494964
371360,0.03494964
369315,0.03494964
369321,0.03494964
369323,0.03494964
371300,0.03494964
369325,0.03494964
371376,0.03494964
369294,0.03494964
371378,0.03494964
369279,0.03494964
369176,0.03494964
371405,0.03494964
369177,0.03494964
371404,0.03494964
369178,0.03494964
369180,0.03494964
369183,0.03494964
369186,0.03494964
369187,0.03494964
371402,0.03494964
369191,0.03494964
369192,0.03494964
371401,0.03494964
369193,0.03494964
371393,0.03494964
371387,0.03494964
369252,0.03494964
369274,0.03494964
371379,0.03494964
371299,0.03494964
369328,0.03494964
369329,0.03494964
371283,0.03494964
369444,0.03494964
371280,0.03494964
371279,0.03494964
371275,0.03494964
371271,0.03494964
371270,0.03494964
371267,0.03494964
371265,0.03494964
369795,0.03494964
369450,0.03494964
371264,0.03494964
371262,0.03494964
369452,0.03494964
369455,0.03494964
371260,0.03494964
369456,0.03494964
369460,0.03494964
371255,0.03494964
371254,0.03494964
371281,0.03494964
371286,0.03494964
369332,0.03494964
371288,0.03494964
369336,0.03494964
371295,0.03494964
369337,0.03494964
369344,0.03494964
369345,0.03494964
369395,0.03494964
369421,0.03494964
371294,0.03494964
371293,0.03494964
369422,0.03494964
369429,0.03494964
369430,0.03494964
369431,0.03494964
369432,0.03494964
369441,0.03494964
371292,0.03494964
369442,0.03494964
371291,0.03494964
371289,0.03494964
369448,0.03494964
370929,0.03494964
371047,0.03494964
370246,0.03494964
370230,0.03494964
370707,0.03494964
370232,0.03494964
370233,0.03494964
370703,0.03494964
370701,0.03494964
370240,0.03494964
370243,0.03494964
370697,0.03494964
370248,0.03494964
370711,0.03494964
370695,0.03494964
370693,0.03494964
370592,0.03494964
370591,0.03494964
370249,0.03494964
370588,0.03494964
370584,0.03494964
370582,0.03494964
370580,0.03494964
370709,0.03494964
370712,0.03494964
370250,0.03494964
370187,0.03494964
370158,0.03494964
370161,0.03494964
370164,0.03494964
370165,0.03494964
370733,0.03494964
370167,0.03494964
370168,0.03494964
370731,0.03494964
370181,0.03494964
370188,0.03494964
370223,0.03494964
370209,0.03494964
370724,0.03494964
370210,0.03494964
370719,0.03494964
370212,0.03494964
370219,0.03494964
370220,0.03494964
370718,0.03494964
370221,0.03494964
370579,0.03494964
370251,0.03494964
369798,0.03494964
370565,0.03494964
370369,0.03494964
370370,0.03494964
370380,0.03494964
370381,0.03494964
370382,0.03494964
370384,0.03494964
370518,0.03494964
370523,0.03494964
370538,0.03494964
370539,0.03494964
370288,0.03494964
370542,0.03494964
370561,0.03494964
370545,0.03494964
370547,0.03494964
370551,0.03494964
370560,0.03494964
370552,0.03494964
370553,0.03494964
370554,0.03494964
370567,0.03494964
370287,0.03494964
370578,0.03494964
370571,0.03494964
370577,0.03494964
370255,0.03494964
370256,0.03494964
370576,0.03494964
370573,0.03494964
370257,0.03494964
370260,0.03494964
370266,0.03494964
370267,0.03494964
370268,0.03494964
370286,0.03494964
370270,0.03494964
370272,0.03494964
370570,0.03494964
370274,0.03494964
370276,0.03494964
370278,0.03494964
370280,0.03494964
370282,0.03494964
370569,0.03494964
370734,0.03494964
370736,0.03494964
370157,0.03494964
369945,0.03494964
369876,0.03494964
369877,0.03494964
369904,0.03494964
369938,0.03494964
369942,0.03494964
370909,0.03494964
370907,0.03494964
370906,0.03494964
369944,0.03494964
369949,0.03494964
369824,0.03494964
369956,0.03494964
370902,0.03494964
370900,0.03494964
370899,0.03494964
369957,0.03494964
369959,0.03494964
370896,0.03494964
369961,0.03494964
370891,0.03494964
369825,0.03494964
369818,0.03494964
370155,0.03494964
370926,0.03494964
369804,0.03494964
371037,0.03494964
371035,0.03494964
369805,0.03494964
371016,0.03494964
370931,0.03494964
369807,0.03494964
369808,0.03494964
370557,0.03494964
370925,0.03494964
369817,0.03494964
370924,0.03494964
370919,0.03494964
369810,0.03494964
370918,0.03494964
369814,0.03494964
369815,0.03494964
369816,0.03494964
370913,0.03494964
370910,0.03494964
369962,0.03494964
370889,0.03494964
369965,0.03494964
370125,0.03494964
369991,0.03494964
370748,0.03494964
369992,0.03494964
369993,0.03494964
369996,0.03494964
370005,0.03494964
370098,0.03494964
370103,0.03494964
370743,0.03494964
370134,0.03494964
369968,0.03494964
370137,0.03494964
370140,0.03494964
370141,0.03494964
370737,0.03494964
370142,0.03494964
370144,0.03494964
370147,0.03494964
370152,0.03494964
370153,0.03494964
369990,0.03494964
369989,0.03494964
369987,0.03494964
369986,0.03494964
369969,0.03494964
369970,0.03494964
370886,0.03494964
369971,0.03494964
369972,0.03494964
369975,0.03494964
370885,0.03494964
370880,0.03494964
369976,0.03494964
369978,0.03494964
370843,0.03494964
369980,0.03494964
370834,0.03494964
369982,0.03494964
370818,0.03494964
369983,0.03494964
369984,0.03494964
370817,0.03494964
370749,0.03494964
370169,0.03494964
365578,0.03494964
369174,0.03494964
367536,0.03494964
367394,0.03494964
367398,0.03494964
367399,0.03494964
367400,0.03494964
367401,0.03494964
367408,0.03494964
367409,0.03494964
367410,0.03494964
367411,0.03494964
367413,0.03494964
367417,0.03494964
367418,0.03494964
367420,0.03494964
367421,0.03494964
367422,0.03494964
367425,0.03494964
367495,0.03494964
367511,0.03494964
367512,0.03494964
367513,0.03494964
367518,0.03494964
367522,0.03494964
367523,0.03494964
367524,0.03494964
367532,0.03494964
367533,0.03494964
367534,0.03494964
367393,0.03494964
367392,0.03494964
367391,0.03494964
367364,0.03494964
367234,0.03494964
367236,0.03494964
367279,0.03494964
367302,0.03494964
367334,0.03494964
367336,0.03494964
367338,0.03494964
367341,0.03494964
367355,0.03494964
367358,0.03494964
367360,0.03494964
367363,0.03494964
367365,0.03494964
367390,0.03494964
367366,0.03494964
367370,0.03494964
367372,0.03494964
367378,0.03494964
367379,0.03494964
367380,0.03494964
367381,0.03494964
367383,0.03494964
367384,0.03494964
367385,0.03494964
367388,0.03494964
367389,0.03494964
367535,0.03494964
367537,0.03494964
367232,0.03494964
367540,0.03494964
367613,0.03494964
367633,0.03494964
367648,0.03494964
367684,0.03494964
367688,0.03494964
367691,0.03494964
367692,0.03494964
367695,0.03494964
367699,0.03494964
367703,0.03494964
367704,0.03494964
367709,0.03494964
367711,0.03494964
367713,0.03494964
367719,0.03494964
367720,0.03494964
367723,0.03494964
367724,0.03494964
367726,0.03494964
367727,0.03494964
367730,0.03494964
367731,0.03494964
367733,0.03494964
367735,0.03494964
367740,0.03494964
367742,0.03494964
367743,0.03494964
367591,0.03494964
367590,0.03494964
367589,0.03494964
367558,0.03494964
367543,0.03494964
367544,0.03494964
367545,0.03494964
367546,0.03494964
367548,0.03494964
367549,0.03494964
367550,0.03494964
367551,0.03494964
367552,0.03494964
367553,0.03494964
367556,0.03494964
367557,0.03494964
367559,0.03494964
367588,0.03494964
367561,0.03494964
367562,0.03494964
367564,0.03494964
367565,0.03494964
367566,0.03494964
367567,0.03494964
367568,0.03494964
367571,0.03494964
367573,0.03494964
367574,0.03494964
367577,0.03494964
367578,0.03494964
367233,0.03494964
367228,0.03494964
367753,0.03494964
366930,0.03494964
366799,0.03494964
366804,0.03494964
366821,0.03494964
366823,0.03494964
366831,0.03494964
366838,0.03494964
366843,0.03494964
366844,0.03494964
366845,0.03494964
366847,0.03494964
366850,0.03494964
366853,0.03494964
366855,0.03494964
366859,0.03494964
366860,0.03494964
366863,0.03494964
366865,0.03494964
366869,0.03494964
366870,0.03494964
366871,0.03494964
366872,0.03494964
366873,0.03494964
366881,0.03494964
366885,0.03494964
366886,0.03494964
366888,0.03494964
366889,0.03494964
366717,0.03494964
366716,0.03494964
366709,0.03494964
366683,0.03494964
366662,0.03494964
366663,0.03494964
366665,0.03494964
366666,0.03494964
366668,0.03494964
366672,0.03494964
366673,0.03494964
366674,0.03494964
366676,0.03494964
366678,0.03494964
366680,0.03494964
366682,0.03494964
366684,0.03494964
366708,0.03494964
366686,0.03494964
366687,0.03494964
366688,0.03494964
366689,0.03494964
366691,0.03494964
366692,0.03494964
366693,0.03494964
366696,0.03494964
366697,0.03494964
366700,0.03494964
366706,0.03494964
366707,0.03494964
366928,0.03494964
366953,0.03494964
367223,0.03494964
366954,0.03494964
367020,0.03494964
367023,0.03494964
367170,0.03494964
367173,0.03494964
367174,0.03494964
367176,0.03494964
367178,0.03494964
367180,0.03494964
367183,0.03494964
367185,0.03494964
367187,0.03494964
367189,0.03494964
367191,0.03494964
367192,0.03494964
367198,0.03494964
367201,0.03494964
367205,0.03494964
367212,0.03494964
367213,0.03494964
367214,0.03494964
367215,0.03494964
367216,0.03494964
367217,0.03494964
367218,0.03494964
367220,0.03494964
367221,0.03494964
367222,0.03494964
367019,0.03494964
367018,0.03494964
367017,0.03494964
366982,0.03494964
366957,0.03494964
366960,0.03494964
366962,0.03494964
366963,0.03494964
366964,0.03494964
366973,0.03494964
366974,0.03494964
366975,0.03494964
366976,0.03494964
366977,0.03494964
366978,0.03494964
366980,0.03494964
366983,0.03494964
367016,0.03494964
366986,0.03494964
366987,0.03494964
366990,0.03494964
366992,0.03494964
366993,0.03494964
366994,0.03494964
367003,0.03494964
367004,0.03494964
367005,0.03494964
367007,0.03494964
367010,0.03494964
367015,0.03494964
367744,0.03494964
367754,0.03494964
369164,0.03494964
368742,0.03494964
368657,0.03494964
368658,0.03494964
368660,0.03494964
368673,0.03494964
368675,0.03494964
368676,0.03494964
368677,0.03494964
368680,0.03494964
368681,0.03494964
368682,0.03494964
368700,0.03494964
368701,0.03494964
368703,0.03494964
368709,0.03494964
368710,0.03494964
368716,0.03494964
368718,0.03494964
368720,0.03494964
368723,0.03494964
368724,0.03494964
368727,0.03494964
368728,0.03494964
368729,0.03494964
368730,0.03494964
368731,0.03494964
368733,0.03494964
368734,0.03494964
368604,0.03494964
368602,0.03494964
368601,0.03494964
368565,0.03494964
368432,0.03494964
368433,0.03494964
368437,0.03494964
368438,0.03494964
368518,0.03494964
368524,0.03494964
368544,0.03494964
368547,0.03494964
368550,0.03494964
368558,0.03494964
368559,0.03494964
368560,0.03494964
368568,0.03494964
368600,0.03494964
368569,0.03494964
368570,0.03494964
368573,0.03494964
368577,0.03494964
368578,0.03494964
368580,0.03494964
368582,0.03494964
368585,0.03494964
368587,0.03494964
368588,0.03494964
368590,0.03494964
368594,0.03494964
368739,0.03494964
368745,0.03494964
368425,0.03494964
368747,0.03494964
368998,0.03494964
369001,0.03494964
369004,0.03494964
369005,0.03494964
369006,0.03494964
369007,0.03494964
369012,0.03494964
369014,0.03494964
369015,0.03494964
369017,0.03494964
369018,0.03494964
369021,0.03494964
369022,0.03494964
369024,0.03494964
369028,0.03494964
369029,0.03494964
369034,0.03494964
369121,0.03494964
369126,0.03494964
369145,0.03494964
369146,0.03494964
369151,0.03494964
369152,0.03494964
369153,0.03494964
369154,0.03494964
369159,0.03494964
369160,0.03494964
368996,0.03494964
368993,0.03494964
368990,0.03494964
368853,0.03494964
368750,0.03494964
368819,0.03494964
368825,0.03494964
371406,0.03494964
368832,0.03494964
368834,0.03494964
368835,0.03494964
368838,0.03494964
368839,0.03494964
368849,0.03494964
368850,0.03494964
368852,0.03494964
368858,0.03494964
368988,0.03494964
368863,0.03494964
368864,0.03494964
368901,0.03494964
368902,0.03494964
368930,0.03494964
368953,0.03494964
368970,0.03494964
368973,0.03494964
368974,0.03494964
368976,0.03494964
368978,0.03494964
368987,0.03494964
368429,0.03494964
368424,0.03494964
367844,0.03494964
368099,0.03494964
367920,0.03494964
367922,0.03494964
367925,0.03494964
367926,0.03494964
367927,0.03494964
367928,0.03494964
367929,0.03494964
367930,0.03494964
367932,0.03494964
368012,0.03494964
368038,0.03494964
368041,0.03494964
368043,0.03494964
368047,0.03494964
368051,0.03494964
368053,0.03494964
368058,0.03494964
368061,0.03494964
368066,0.03494964
368071,0.03494964
368077,0.03494964
368081,0.03494964
368083,0.03494964
368084,0.03494964
368085,0.03494964
368091,0.03494964
368097,0.03494964
367918,0.03494964
367914,0.03494964
367910,0.03494964
367888,0.03494964
367846,0.03494964
367847,0.03494964
367851,0.03494964
367871,0.03494964
367872,0.03494964
367874,0.03494964
367877,0.03494964
367879,0.03494964
367884,0.03494964
367885,0.03494964
367886,0.03494964
367887,0.03494964
367889,0.03494964
367908,0.03494964
367891,0.03494964
367892,0.03494964
367893,0.03494964
367894,0.03494964
367897,0.03494964
367898,0.03494964
367899,0.03494964
367900,0.03494964
367901,0.03494964
367902,0.03494964
367903,0.03494964
367906,0.03494964
368098,0.03494964
368139,0.03494964
368422,0.03494964
368167,0.03494964
368288,0.03494964
368289,0.03494964
368290,0.03494964
368291,0.03494964
368373,0.03494964
368380,0.03494964
368382,0.03494964
368383,0.03494964
368389,0.03494964
368392,0.03494964
368395,0.03494964
368401,0.03494964
368402,0.03494964
368403,0.03494964
368404,0.03494964
368405,0.03494964
368406,0.03494964
368407,0.03494964
368409,0.03494964
368410,0.03494964
368411,0.03494964
368413,0.03494964
368414,0.03494964
368415,0.03494964
368416,0.03494964
368418,0.03494964
368421,0.03494964
368287,0.03494964
368286,0.03494964
368281,0.03494964
368246,0.03494964
368186,0.03494964
368187,0.03494964
368192,0.03494964
368196,0.03494964
368212,0.03494964
368214,0.03494964
368218,0.03494964
368222,0.03494964
368230,0.03494964
368234,0.03494964
368238,0.03494964
368240,0.03494964
368248,0.03494964
368270,0.03494964
368252,0.03494964
368253,0.03494964
368256,0.03494964
368258,0.03494964
368259,0.03494964
368260,0.03494964
368264,0.03494964
368265,0.03494964
368266,0.03494964
368267,0.03494964
368268,0.03494964
368269,0.03494964
368827,0.03494964
371796,0.03494964
371407,0.03494964
376046,0.03494964
375912,0.03494964
375913,0.03494964
375916,0.03494964
375918,0.03494964
375919,0.03494964
375920,0.03494964
375921,0.03494964
375922,0.03494964
375924,0.03494964
375931,0.03494964
375932,0.03494964
375995,0.03494964
376049,0.03494964
375910,0.03494964
376073,0.03494964
376080,0.03494964
376081,0.03494964
376083,0.03494964
376086,0.03494964
376088,0.03494964
376091,0.03494964
376092,0.03494964
376093,0.03494964
376094,0.03494964
376096,0.03494964
376098,0.03494964
375911,0.03494964
375909,0.03494964
375621,0.03494964
375781,0.03494964
375625,0.03494964
375696,0.03494964
375751,0.03494964
375754,0.03494964
375760,0.03494964
375761,0.03494964
375763,0.03494964
375774,0.03494964
375775,0.03494964
375776,0.03494964
375778,0.03494964
375780,0.03494964
375782,0.03494964
375908,0.03494964
375784,0.03494964
375786,0.03494964
375791,0.03494964
375792,0.03494964
375857,0.03494964
375858,0.03494964
375889,0.03494964
375891,0.03494964
375896,0.03494964
375901,0.03494964
375903,0.03494964
375904,0.03494964
376100,0.03494964
376102,0.03494964
376103,0.03494964
376477,0.03494964
376345,0.03494964
376348,0.03494964
376349,0.03494964
376350,0.03494964
376355,0.03494964
376358,0.03494964
376359,0.03494964
376422,0.03494964
376446,0.03494964
376449,0.03494964
376454,0.03494964
376476,0.03494964
376478,0.03494964
376108,0.03494964
376486,0.03494964
376487,0.03494964
376488,0.03494964
376489,0.03494964
376490,0.03494964
376493,0.03494964
376495,0.03494964
376496,0.03494964
376500,0.03494964
376502,0.03494964
376503,0.03494964
376504,0.03494964
376339,0.03494964
376338,0.03494964
376336,0.03494964
376335,0.03494964
376109,0.03494964
376110,0.03494964
376112,0.03494964
376116,0.03494964
376117,0.03494964
376120,0.03494964
376123,0.03494964
376191,0.03494964
376215,0.03494964
376216,0.03494964
376226,0.03494964
376227,0.03494964
376232,0.03494964
376233,0.03494964
376234,0.03494964
376235,0.03494964
376242,0.03494964
376243,0.03494964
376299,0.03494964
376304,0.03494964
376323,0.03494964
376326,0.03494964
376328,0.03494964
376329,0.03494964
376333,0.03494964
375622,0.03494964
375618,0.03494964
376512,0.03494964
375063,0.03494964
374936,0.03494964
374939,0.03494964
374940,0.03494964
375028,0.03494964
375035,0.03494964
375037,0.03494964
375040,0.03494964
375048,0.03494964
375049,0.03494964
375051,0.03494964
375053,0.03494964
375060,0.03494964
375126,0.03494964
374929,0.03494964
375147,0.03494964
375166,0.03494964
375171,0.03494964
375174,0.03494964
375177,0.03494964
375178,0.03494964
375185,0.03494964
375191,0.03494964
375194,0.03494964
375195,0.03494964
375197,0.03494964
375203,0.03494964
374931,0.03494964
374928,0.03494964
375617,0.03494964
374824,0.03494964
374764,0.03494964
374765,0.03494964
374769,0.03494964
374770,0.03494964
374773,0.03494964
374776,0.03494964
374777,0.03494964
374779,0.03494964
374783,0.03494964
374784,0.03494964
374787,0.03494964
374788,0.03494964
374903,0.03494964
374927,0.03494964
374904,0.03494964
374905,0.03494964
374906,0.03494964
374908,0.03494964
374912,0.03494964
374913,0.03494964
374914,0.03494964
374915,0.03494964
374918,0.03494964
374919,0.03494964
374920,0.03494964
374926,0.03494964
375209,0.03494964
375210,0.03494964
375264,0.03494964
375478,0.03494964
375452,0.03494964
375453,0.03494964
375454,0.03494964
375457,0.03494964
375460,0.03494964
375463,0.03494964
375465,0.03494964
375469,0.03494964
375470,0.03494964
375471,0.03494964
375473,0.03494964
375474,0.03494964
375557,0.03494964
375265,0.03494964
375562,0.03494964
375567,0.03494964
375587,0.03494964
375588,0.03494964
375594,0.03494964
375599,0.03494964
375601,0.03494964
375602,0.03494964
375605,0.03494964
375609,0.03494964
375610,0.03494964
375615,0.03494964
375450,0.03494964
375442,0.03494964
375437,0.03494964
375436,0.03494964
375282,0.03494964
375284,0.03494964
375285,0.03494964
375292,0.03494964
375293,0.03494964
375294,0.03494964
375295,0.03494964
375296,0.03494964
375297,0.03494964
375299,0.03494964
375301,0.03494964
375303,0.03494964
375304,0.03494964
375306,0.03494964
375307,0.03494964
375310,0.03494964
375311,0.03494964
375312,0.03494964
375313,0.03494964
375315,0.03494964
375318,0.03494964
375321,0.03494964
375369,0.03494964
375408,0.03494964
375409,0.03494964
376511,0.03494964
376567,0.03494964
371408,0.03494964
377801,0.03494964
377777,0.03494964
377778,0.03494964
377779,0.03494964
377783,0.03494964
377784,0.03494964
377786,0.03494964
377791,0.03494964
377792,0.03494964
377793,0.03494964
377796,0.03494964
377797,0.03494964
377798,0.03494964
377807,0.03494964
377775,0.03494964
377808,0.03494964
377857,0.03494964
377898,0.03494964
377901,0.03494964
377922,0.03494964
377924,0.03494964
377927,0.03494964
377931,0.03494964
377933,0.03494964
377952,0.03494964
377954,0.03494964
377958,0.03494964
377776,0.03494964
377774,0.03494964
377497,0.03494964
377632,0.03494964
377504,0.03494964
377576,0.03494964
377601,0.03494964
377604,0.03494964
377607,0.03494964
377610,0.03494964
377615,0.03494964
377618,0.03494964
377624,0.03494964
377627,0.03494964
377628,0.03494964
377629,0.03494964
377638,0.03494964
377767,0.03494964
377639,0.03494964
377640,0.03494964
377642,0.03494964
377647,0.03494964
377648,0.03494964
377651,0.03494964
377652,0.03494964
377713,0.03494964
377735,0.03494964
377738,0.03494964
377761,0.03494964
377766,0.03494964
377962,0.03494964
377964,0.03494964
378018,0.03494964
378396,0.03494964
378251,0.03494964
378303,0.03494964
378304,0.03494964
378306,0.03494964
378377,0.03494964
378379,0.03494964
378380,0.03494964
378381,0.03494964
378384,0.03494964
378388,0.03494964
378391,0.03494964
378395,0.03494964
378397,0.03494964
378027,0.03494964
378401,0.03494964
378403,0.03494964
378404,0.03494964
378405,0.03494964
378406,0.03494964
378407,0.03494964
378409,0.03494964
378410,0.03494964
378414,0.03494964
378419,0.03494964
378426,0.03494964
378427,0.03494964
378249,0.03494964
378245,0.03494964
378240,0.03494964
378239,0.03494964
378049,0.03494964
378054,0.03494964
378060,0.03494964
378067,0.03494964
378068,0.03494964
378071,0.03494964
378075,0.03494964
378076,0.03494964
378078,0.03494964
378082,0.03494964
378083,0.03494964
378094,0.03494964
378101,0.03494964
378102,0.03494964
378103,0.03494964
378106,0.03494964
378186,0.03494964
378187,0.03494964
378189,0.03494964
378215,0.03494964
378223,0.03494964
378229,0.03494964
378230,0.03494964
378231,0.03494964
378237,0.03494964
377498,0.03494964
377494,0.03494964
376618,0.03494964
376894,0.03494964
376877,0.03494964
376878,0.03494964
376879,0.03494964
376881,0.03494964
376882,0.03494964
376885,0.03494964
376886,0.03494964
376887,0.03494964
376888,0.03494964
376889,0.03494964
376890,0.03494964
376892,0.03494964
376896,0.03494964
376873,0.03494964
376897,0.03494964
376900,0.03494964
376901,0.03494964
376904,0.03494964
376905,0.03494964
376906,0.03494964
376908,0.03494964
376909,0.03494964
376911,0.03494964
376912,0.03494964
376914,0.03494964
376919,0.03494964
376876,0.03494964
376867,0.03494964
377490,0.03494964
376674,0.03494964
376638,0.03494964
376640,0.03494964
376644,0.03494964
376646,0.03494964
376649,0.03494964
376653,0.03494964
376657,0.03494964
376658,0.03494964
376667,0.03494964
376668,0.03494964
376669,0.03494964
376670,0.03494964
376679,0.03494964
376865,0.03494964
376680,0.03494964
376684,0.03494964
376754,0.03494964
376781,0.03494964
376785,0.03494964
376810,0.03494964
376811,0.03494964
376825,0.03494964
376832,0.03494964
376836,0.03494964
376839,0.03494964
376861,0.03494964
376920,0.03494964
376932,0.03494964
376979,0.03494964
377457,0.03494964
377364,0.03494964
377365,0.03494964
377371,0.03494964
377372,0.03494964
377428,0.03494964
377432,0.03494964
377448,0.03494964
377449,0.03494964
377450,0.03494964
377451,0.03494964
377454,0.03494964
377455,0.03494964
377459,0.03494964
376980,0.03494964
377460,0.03494964
377464,0.03494964
377467,0.03494964
377471,0.03494964
377472,0.03494964
377473,0.03494964
377476,0.03494964
377478,0.03494964
377479,0.03494964
377480,0.03494964
377482,0.03494964
377489,0.03494964
377362,0.03494964
377361,0.03494964
377360,0.03494964
377358,0.03494964
376986,0.03494964
376993,0.03494964
376995,0.03494964
376999,0.03494964
377001,0.03494964
377037,0.03494964
377157,0.03494964
377183,0.03494964
377186,0.03494964
377194,0.03494964
377196,0.03494964
377202,0.03494964
377203,0.03494964
377205,0.03494964
377213,0.03494964
377303,0.03494964
377320,0.03494964
377331,0.03494964
377333,0.03494964
377338,0.03494964
377349,0.03494964
377350,0.03494964
377351,0.03494964
377353,0.03494964
377356,0.03494964
374758,0.03494964
374757,0.03494964
374756,0.03494964
372533,0.03494964
372341,0.03494964
372343,0.03494964
372345,0.03494964
372346,0.03494964
372347,0.03494964
372351,0.03494964
372352,0.03494964
372357,0.03494964
372358,0.03494964
372359,0.03494964
372451,0.03494964
372512,0.03494964
372534,0.03494964
372339,0.03494964
372540,0.03494964
372541,0.03494964
372546,0.03494964
372554,0.03494964
372556,0.03494964
372557,0.03494964
372558,0.03494964
372563,0.03494964
372569,0.03494964
372570,0.03494964
372636,0.03494964
372657,0.03494964
372340,0.03494964
372332,0.03494964
372201,0.03494964
372259,0.03494964
372226,0.03494964
372230,0.03494964
372231,0.03494964
372232,0.03494964
372241,0.03494964
372245,0.03494964
372247,0.03494964
372248,0.03494964
372249,0.03494964
372251,0.03494964
372252,0.03494964
372255,0.03494964
372261,0.03494964
372331,0.03494964
372263,0.03494964
372264,0.03494964
372282,0.03494964
372305,0.03494964
372309,0.03494964
372310,0.03494964
372320,0.03494964
372323,0.03494964
372324,0.03494964
372326,0.03494964
372328,0.03494964
372329,0.03494964
372673,0.03494964
372678,0.03494964
372679,0.03494964
372893,0.03494964
372811,0.03494964
372812,0.03494964
372815,0.03494964
372843,0.03494964
372874,0.03494964
372875,0.03494964
372877,0.03494964
372879,0.03494964
372882,0.03494964
372887,0.03494964
372888,0.03494964
372891,0.03494964
372895,0.03494964
372683,0.03494964
372896,0.03494964
372898,0.03494964
372901,0.03494964
372902,0.03494964
372903,0.03494964
372904,0.03494964
372907,0.03494964
372909,0.03494964
372914,0.03494964
372958,0.03494964
372959,0.03494964
372962,0.03494964
372810,0.03494964
372806,0.03494964
372805,0.03494964
372804,0.03494964
372688,0.03494964
372689,0.03494964
372692,0.03494964
372701,0.03494964
372702,0.03494964
372704,0.03494964
372711,0.03494964
372736,0.03494964
372743,0.03494964
372765,0.03494964
372767,0.03494964
372769,0.03494964
372770,0.03494964
372781,0.03494964
372782,0.03494964
372786,0.03494964
372787,0.03494964
372788,0.03494964
372792,0.03494964
372793,0.03494964
372794,0.03494964
372795,0.03494964
372796,0.03494964
372802,0.03494964
372803,0.03494964
372222,0.03494964
372164,0.03494964
374755,0.03494964
371639,0.03494964
371622,0.03494964
371624,0.03494964
371625,0.03494964
371626,0.03494964
371627,0.03494964
371628,0.03494964
371629,0.03494964
371633,0.03494964
371634,0.03494964
371636,0.03494964
371637,0.03494964
371638,0.03494964
371642,0.03494964
371620,0.03494964
371643,0.03494964
371649,0.03494964
371655,0.03494964
371656,0.03494964
371657,0.03494964
371749,0.03494964
371751,0.03494964
371768,0.03494964
371771,0.03494964
371772,0.03494964
371773,0.03494964
371774,0.03494964
371621,0.03494964
371618,0.03494964
372137,0.03494964
371588,0.03494964
371411,0.03494964
371415,0.03494964
371417,0.03494964
371420,0.03494964
371421,0.03494964
371520,0.03494964
371550,0.03494964
371551,0.03494964
371557,0.03494964
371571,0.03494964
371584,0.03494964
371586,0.03494964
371589,0.03494964
371617,0.03494964
371593,0.03494964
371595,0.03494964
371597,0.03494964
371598,0.03494964
371599,0.03494964
371601,0.03494964
371604,0.03494964
371605,0.03494964
371609,0.03494964
371610,0.03494964
371613,0.03494964
371614,0.03494964
371778,0.03494964
371780,0.03494964
371781,0.03494964
372103,0.03494964
371980,0.03494964
371983,0.03494964
371984,0.03494964
371989,0.03494964
371990,0.03494964
371992,0.03494964
372085,0.03494964
372090,0.03494964
372096,0.03494964
372097,0.03494964
372099,0.03494964
372102,0.03494964
372107,0.03494964
371786,0.03494964
372109,0.03494964
372110,0.03494964
372112,0.03494964
372119,0.03494964
372124,0.03494964
372125,0.03494964
372128,0.03494964
372129,0.03494964
372130,0.03494964
372131,0.03494964
372133,0.03494964
372136,0.03494964
371978,0.03494964
371971,0.03494964
371970,0.03494964
371969,0.03494964
371788,0.03494964
371792,0.03494964
371793,0.03494964
371795,0.03494964
366650,0.03494964
371797,0.03494964
371801,0.03494964
371810,0.03494964
371811,0.03494964
371813,0.03494964
371815,0.03494964
371819,0.03494964
371825,0.03494964
371826,0.03494964
371829,0.03494964
371832,0.03494964
371926,0.03494964
371930,0.03494964
371950,0.03494964
371957,0.03494964
371960,0.03494964
371961,0.03494964
371962,0.03494964
371963,0.03494964
371967,0.03494964
372964,0.03494964
372965,0.03494964
373070,0.03494964
374296,0.03494964
374127,0.03494964
374131,0.03494964
374134,0.03494964
374139,0.03494964
374140,0.03494964
374146,0.03494964
374172,0.03494964
374259,0.03494964
374289,0.03494964
374292,0.03494964
374293,0.03494964
374294,0.03494964
374302,0.03494964
374125,0.03494964
374303,0.03494964
374305,0.03494964
374308,0.03494964
374310,0.03494964
374313,0.03494964
374315,0.03494964
374316,0.03494964
374318,0.03494964
374320,0.03494964
374325,0.03494964
374327,0.03494964
374328,0.03494964
374126,0.03494964
374123,0.03494964
373088,0.03494964
373984,0.03494964
373950,0.03494964
373953,0.03494964
373958,0.03494964
373963,0.03494964
373964,0.03494964
373965,0.03494964
373966,0.03494964
373967,0.03494964
373971,0.03494964
373972,0.03494964
373974,0.03494964
373983,0.03494964
373987,0.03494964
374122,0.03494964
373991,0.03494964
373992,0.03494964
373996,0.03494964
374074,0.03494964
374078,0.03494964
374098,0.03494964
374107,0.03494964
374113,0.03494964
374114,0.03494964
374115,0.03494964
374116,0.03494964
374119,0.03494964
374329,0.03494964
374330,0.03494964
374402,0.03494964
374620,0.03494964
374590,0.03494964
374593,0.03494964
374600,0.03494964
374601,0.03494964
374602,0.03494964
374603,0.03494964
374604,0.03494964
374605,0.03494964
374607,0.03494964
374608,0.03494964
374610,0.03494964
374615,0.03494964
374622,0.03494964
374419,0.03494964
374624,0.03494964
374630,0.03494964
374632,0.03494964
374713,0.03494964
374731,0.03494964
374732,0.03494964
374734,0.03494964
374738,0.03494964
374739,0.03494964
374741,0.03494964
374751,0.03494964
374754,0.03494964
374582,0.03494964
374581,0.03494964
374577,0.03494964
374576,0.03494964
374425,0.03494964
374426,0.03494964
374427,0.03494964
374428,0.03494964
374429,0.03494964
374432,0.03494964
374434,0.03494964
374437,0.03494964
374446,0.03494964
374447,0.03494964
374448,0.03494964
374452,0.03494964
374455,0.03494964
374456,0.03494964
374462,0.03494964
374463,0.03494964
374464,0.03494964
374465,0.03494964
374500,0.03494964
374525,0.03494964
374551,0.03494964
374554,0.03494964
374556,0.03494964
374558,0.03494964
374575,0.03494964
373949,0.03494964
373933,0.03494964
373932,0.03494964
373362,0.03494964
373250,0.03494964
373252,0.03494964
373253,0.03494964
373254,0.03494964
373256,0.03494964
373257,0.03494964
373258,0.03494964
373260,0.03494964
373267,0.03494964
373271,0.03494964
373275,0.03494964
373344,0.03494964
373369,0.03494964
373439,0.03494964
373371,0.03494964
373373,0.03494964
373378,0.03494964
373380,0.03494964
373383,0.03494964
373384,0.03494964
373391,0.03494964
373392,0.03494964
373405,0.03494964
373424,0.03494964
373428,0.03494964
373435,0.03494964
373249,0.03494964
373248,0.03494964
373245,0.03494964
373243,0.03494964
373091,0.03494964
373095,0.03494964
373102,0.03494964
373104,0.03494964
373105,0.03494964
373106,0.03494964
373109,0.03494964
373111,0.03494964
373112,0.03494964
373113,0.03494964
373114,0.03494964
373120,0.03494964
373121,0.03494964
373123,0.03494964
373124,0.03494964
373182,0.03494964
373210,0.03494964
373213,0.03494964
373214,0.03494964
373217,0.03494964
373218,0.03494964
373232,0.03494964
373235,0.03494964
373237,0.03494964
373238,0.03494964
373436,0.03494964
373442,0.03494964
373931,0.03494964
373804,0.03494964
373670,0.03494964
373672,0.03494964
373673,0.03494964
373674,0.03494964
373675,0.03494964
373680,0.03494964
373681,0.03494964
373683,0.03494964
373684,0.03494964
373685,0.03494964
373773,0.03494964
373796,0.03494964
373805,0.03494964
373443,0.03494964
373813,0.03494964
373814,0.03494964
373816,0.03494964
373821,0.03494964
373822,0.03494964
373823,0.03494964
373824,0.03494964
373825,0.03494964
373827,0.03494964
373835,0.03494964
373896,0.03494964
373928,0.03494964
373669,0.03494964
373667,0.03494964
373658,0.03494964
373657,0.03494964
373444,0.03494964
373445,0.03494964
373446,0.03494964
373447,0.03494964
373452,0.03494964
373453,0.03494964
373460,0.03494964
373461,0.03494964
373466,0.03494964
373467,0.03494964
373468,0.03494964
373469,0.03494964
373472,0.03494964
373473,0.03494964
373475,0.03494964
373476,0.03494964
373477,0.03494964
373480,0.03494964
373515,0.03494964
373623,0.03494964
373644,0.03494964
373650,0.03494964
373652,0.03494964
373653,0.03494964
373654,0.03494964
366654,0.03494964
378428,0.03494964
366649,0.03494964
365565,0.03494964
365558,0.03494964
365534,0.03494964
365468,0.03494964
365467,0.03494964
365462,0.03494964
365461,0.03494964
365460,0.03494964
365457,0.03494964
365448,0.03494964
365447,0.03494964
365445,0.03494964
365443,0.03494964
365442,0.03494964
365440,0.03494964
365439,0.03494964
365438,0.03494964
365437,0.03494964
365436,0.03494964
365434,0.03494964
365432,0.03494964
365431,0.03494964
365430,0.03494964
365429,0.03494964
365559,0.03494964
365569,0.03494964
365734,0.03494964
365570,0.03494964
365732,0.03494964
365731,0.03494964
365728,0.03494964
365704,0.03494964
365621,0.03494964
365619,0.03494964
365618,0.03494964
365617,0.03494964
365616,0.03494964
365609,0.03494964
365608,0.03494964
365607,0.03494964
365602,0.03494964
365599,0.03494964
365597,0.03494964
365595,0.03494964
365594,0.03494964
365591,0.03494964
365589,0.03494964
365588,0.03494964
365587,0.03494964
365582,0.03494964
365579,0.03494964
365424,0.03494964
365420,0.03494964
365416,0.03494964
365415,0.03494964
365254,0.03494964
365253,0.03494964
365249,0.03494964
365247,0.03494964
365246,0.03494964
365244,0.03494964
365208,0.03494964
365207,0.03494964
365206,0.03494964
365199,0.03494964
365197,0.03494964
365195,0.03494964
365191,0.03494964
365189,0.03494964
365187,0.03494964
365186,0.03494964
365180,0.03494964
365168,0.03494964
365167,0.03494964
365166,0.03494964
365163,0.03494964
365126,0.03494964
366631,0.03494964
365262,0.03494964
365265,0.03494964
365267,0.03494964
365326,0.03494964
365414,0.03494964
365413,0.03494964
365410,0.03494964
365409,0.03494964
365408,0.03494964
365407,0.03494964
365387,0.03494964
365384,0.03494964
365383,0.03494964
365349,0.03494964
365325,0.03494964
365269,0.03494964
365324,0.03494964
365322,0.03494964
365320,0.03494964
365314,0.03494964
365313,0.03494964
365310,0.03494964
365295,0.03494964
365272,0.03494964
365271,0.03494964
365270,0.03494964
365733,0.03494964
365251,0.03494964
365735,0.03494964
366265,0.03494964
366257,0.03494964
366252,0.03494964
366250,0.03494964
366247,0.03494964
366243,0.03494964
366242,0.03494964
366240,0.03494964
366239,0.03494964
366207,0.03494964
366205,0.03494964
366202,0.03494964
366126,0.03494964
366125,0.03494964
366124,0.03494964
366121,0.03494964
366116,0.03494964
366109,0.03494964
366108,0.03494964
366107,0.03494964
366105,0.03494964
366104,0.03494964
366101,0.03494964
366100,0.03494964
366263,0.03494964
366273,0.03494964
366097,0.03494964
366275,0.03494964
365739,0.03494964
366624,0.03494964
366598,0.03494964
366526,0.03494964
366524,0.03494964
366523,0.03494964
366519,0.03494964
366517,0.03494964
366516,0.03494964
366515,0.03494964
366511,0.03494964
366509,0.03494964
366505,0.03494964
366504,0.03494964
366502,0.03494964
366498,0.03494964
366495,0.03494964
366492,0.03494964
366491,0.03494964
366490,0.03494964
366278,0.03494964
366277,0.03494964
366276,0.03494964
366098,0.03494964
366259,0.03494964
366095,0.03494964
365889,0.03494964
365885,0.03494964
365884,0.03494964
365876,0.03494964
365869,0.03494964
365867,0.03494964
365863,0.03494964
365800,0.03494964
365784,0.03494964
365783,0.03494964
365782,0.03494964
365776,0.03494964
365771,0.03494964
365769,0.03494964
365768,0.03494964
365761,0.03494964
365759,0.03494964
365756,0.03494964
365753,0.03494964
365751,0.03494964
365750,0.03494964
366094,0.03494964
365740,0.03494964
365747,0.03494964
365888,0.03494964
365875,0.03494964
365890,0.03494964
366059,0.03494964
366092,0.03494964
366090,0.03494964
366089,0.03494964
366088,0.03494964
366087,0.03494964
366085,0.03494964
366082,0.03494964
366078,0.03494964
366077,0.03494964
366066,0.03494964
366064,0.03494964
366062,0.03494964
366081,0.03494964
366058,0.03494964
365900,0.03494964
365910,0.03494964
365909,0.03494964
365908,0.03494964
365892,0.03494964
365904,0.03494964
366002,0.03494964
365902,0.03494964
364190,0.034861837
356632,0.034802694
358265,0.034785256
359084,0.034766763
359500,0.034664653
354401,0.03459543
364488,0.034483533
358421,0.034328215
358458,0.034135632
361018,0.033854324
358061,0.033421513
356037,0.033255756
363336,0.032135203
355204,0.031790454
364470,0.03127625
352654,0.03066644
358472,0.030240467
363155,0.029491486
364195,0.028039062
356589,0.02790494
360976,0.027895557
355549,0.027782716
363886,0.027318973
353033,0.026530223
358223,0.025789246
358850,0.025342511
355150,0.023114048
355671,0.023077322
358956,0.022785546
364597,0.022751354
363123,0.022497358
352715,0.02194503
352507,0.021783885
356774,0.021770466
358837,0.021560643
360409,0.021222696
354040,0.021150345
358600,0.020565731
355905,0.019050593
361431,0.017510608
356787,0.017084412
356187,0.016731817
359857,0.016731817
357327,0.016439917
358996,0.016219122
358605,0.016083393
358624,0.015446808
362472,0.014234511
363341,0.014230284
356183,0.014137492
359852,0.014137492
356306,0.013630866
362916,0.0134024555
363746,0.013051435
364196,0.012351046
363146,0.010104757
353879,0.009341838
361837,0.009340952
354609,0.009254127
356307,0.009199759
358620,0.00916876
363472,0.009129096
361302,0.009073836
355812,0.00906261
364702,0.00900622
353236,0.008985981
358273,0.008961855
363157,0.00887643
355202,0.008871997
364323,0.008814699
358993,0.008780374
353041,0.008600272
357285,0.008564423
356962,0.008304861
354223,0.008100987
362934,0.008065924
359269,0.007960895
354663,0.0077695893
355424,0.0077495687
356070,0.0077295927
356634,0.0077096717
358063,0.0076309354
363916,0.0076108202
358625,0.0075912024
360290,0.007552118
361020,0.007493862
361460,0.0074745407
362284,0.007455271
358034,0.0074404036
362952,0.007436052
364191,0.007417468
364770,0.007416874
352886,0.00738512
356410,0.0073250625
357093,0.007275162
363755,0.0071829422
358455,0.0070803496
364305,0.0070594354
358977,0.007032839
359483,0.0069877664
360584,0.006957171
361280,0.0068633785
362473,0.0068592154
363147,0.0068361554
358470,0.006833427
361849,0.00682775
364675,0.0068034423
357223,0.006575952
358172,0.006465272
356599,0.006295809
354047,0.0061096246
357275,0.0059649018
352344,0.005881944
352470,0.005881944
352254,0.005881944
352465,0.005881944
352305,0.005881944
352472,0.005881944
352309,0.005881944
352312,0.005881944
352320,0.005881944
352301,0.005881944
352280,0.005881944
352302,0.005881944
352282,0.005881944
352331,0.005881944
352316,0.005881944
352330,0.005881944
352307,0.005881944
352329,0.005881944
352337,0.005881944
352819,0.005881944
352476,0.005881944
352686,0.005881944
352696,0.005881944
352699,0.005881944
352704,0.005881944
352705,0.005881944
352710,0.005881944
352816,0.005881944
352888,0.005881944
352880,0.005881944
352877,0.005881944
352876,0.005881944
352874,0.005881944
352871,0.005881944
352870,0.005881944
352866,0.005881944
352865,0.005881944
352859,0.005881944
352858,0.005881944
352692,0.005881944
352685,0.005881944
352480,0.005881944
352684,0.005881944
352484,0.005881944
352487,0.005881944
352488,0.005881944
352492,0.005881944
352494,0.005881944
352495,0.005881944
352497,0.005881944
352857,0.005881944
352503,0.005881944
352508,0.005881944
352520,0.005881944
352522,0.005881944
352558,0.005881944
352658,0.005881944
352670,0.005881944
352680,0.005881944
352683,0.005881944
352557,0.005881944
352249,0.005881944
352253,0.005881944
352691,0.0058819414
352651,0.0058819414
352342,0.0058819414
352700,0.0058819414
357866,0.0057385224
357455,0.0057385224
357458,0.0057385224
357457,0.0057385224
357456,0.0057385224
357441,0.0057385224
357448,0.0057385224
357447,0.0057385224
357468,0.0057385224
357347,0.0057385224
357341,0.0057385224
357466,0.0057385224
357478,0.0057385224
357474,0.0057385224
357475,0.0057385224
357482,0.0057385224
357485,0.0057385224
357488,0.0057385224
357489,0.0057385224
357490,0.0057385224
357493,0.0057385224
357497,0.0057385224
357498,0.0057385224
357322,0.0057385224
357321,0.0057385224
357320,0.0057385224
357319,0.0057385224
357209,0.0057385224
357216,0.0057385224
357222,0.0057385224
357233,0.0057385224
357237,0.0057385224
357261,0.0057385224
357262,0.0057385224
357274,0.0057385224
357278,0.0057385224
357281,0.0057385224
357282,0.0057385224
357286,0.0057385224
357287,0.0057385224
357290,0.0057385224
357291,0.0057385224
357292,0.0057385224
357294,0.0057385224
357297,0.0057385224
357300,0.0057385224
357302,0.0057385224
357303,0.0057385224
357307,0.0057385224
357313,0.0057385224
357314,0.0057385224
357318,0.0057385224
357499,0.0057385224
357863,0.0057385224
357702,0.0057385224
357701,0.0057385224
357712,0.0057385224
357715,0.0057385224
357717,0.0057385224
357788,0.0057385224
357817,0.0057385224
357848,0.0057385224
357849,0.0057385224
357852,0.0057385224
357856,0.0057385224
357858,0.0057385224
357861,0.0057385224
357907,0.0057385224
357862,0.0057385224
357904,0.0057385224
357902,0.0057385224
357897,0.0057385224
357893,0.0057385224
357892,0.0057385224
357889,0.0057385224
357888,0.0057385224
357887,0.0057385224
357883,0.0057385224
357882,0.0057385224
357870,0.0057385224
357700,0.0057385224
357871,0.0057385224
357699,0.0057385224
357502,0.0057385224
357506,0.0057385224
357507,0.0057385224
357509,0.0057385224
357510,0.0057385224
357519,0.0057385224
357521,0.0057385224
357525,0.0057385224
357527,0.0057385224
357567,0.0057385224
357628,0.0057385224
357658,0.0057385224
357661,0.0057385224
357668,0.0057385224
357670,0.0057385224
357671,0.0057385224
357676,0.0057385224
357677,0.0057385224
357682,0.0057385224
357688,0.0057385224
357692,0.0057385224
357695,0.0057385224
357874,0.0057385224
353596,0.0057102563
353030,0.0057102563
353582,0.0057102563
353032,0.0057102563
353589,0.0057102563
353592,0.0057102563
353578,0.0057102563
353172,0.0057102563
353571,0.0057102563
353241,0.0057102563
353234,0.0057102563
353233,0.0057102563
353229,0.0057102563
353227,0.0057102563
353220,0.0057102563
353213,0.0057102563
353205,0.0057102563
353201,0.0057102563
353200,0.0057102563
353178,0.0057102563
353166,0.0057102563
353359,0.0057102563
353084,0.0057102563
353083,0.0057102563
353080,0.0057102563
353075,0.0057102563
353074,0.0057102563
353072,0.0057102563
353065,0.0057102563
353059,0.0057102563
353056,0.0057102563
353051,0.0057102563
353047,0.0057102563
353043,0.0057102563
353247,0.0057102563
353243,0.0057102563
353366,0.0057102563
353518,0.0057102563
353569,0.0057102563
353568,0.0057102563
353566,0.0057102563
353560,0.0057102563
353558,0.0057102563
353556,0.0057102563
353550,0.0057102563
353549,0.0057102563
353545,0.0057102563
353376,0.0057102563
353540,0.0057102563
353541,0.0057102563
353494,0.0057102563
353399,0.0057102563
353385,0.0057102563
353388,0.0057102563
353416,0.0057102563
353396,0.0057102563
353394,0.0057102563
353403,0.0057102563
353404,0.0057102563
353405,0.0057102563
353407,0.0057102563
353415,0.0057102563
354447,0.005682131
354470,0.005682131
354468,0.005682131
354465,0.005682131
354453,0.005682131
354452,0.005682131
354448,0.005682131
354446,0.005682131
354212,0.005682131
354024,0.005682131
354039,0.005682131
354044,0.005682131
354049,0.005682131
354061,0.005682131
354143,0.005682131
354177,0.005682131
354178,0.005682131
354211,0.005682131
354218,0.005682131
354220,0.005682131
354226,0.005682131
354229,0.005682131
354235,0.005682131
354238,0.005682131
354245,0.005682131
354254,0.005682131
354258,0.005682131
354260,0.005682131
354262,0.005682131
354263,0.005682131
354402,0.005682131
354407,0.005682131
354413,0.005682131
354417,0.005682131
354421,0.005682131
354423,0.005682131
354442,0.005682131
354027,0.005682131
354045,0.005682131
354428,0.005682131
353857,0.005682131
354440,0.005682131
354435,0.005682131
354432,0.005682131
354431,0.005682131
354430,0.005682131
353823,0.005682131
353825,0.005682131
353831,0.005682131
353833,0.005682131
353835,0.005682131
354022,0.005682131
353848,0.005682131
353851,0.005682131
353847,0.005682131
353860,0.005682131
353875,0.005682131
354015,0.005682131
353861,0.005682131
353890,0.005682131
353885,0.005682131
353878,0.005682131
354013,0.005682131
353872,0.005682131
353868,0.005682131
353867,0.005682131
353864,0.005682131
355147,0.0055985777
355188,0.0055985777
355155,0.0055985777
355156,0.0055985777
355166,0.0055985777
355171,0.0055985777
355178,0.0055985777
355179,0.0055985777
355181,0.0055985777
355183,0.0055985777
355168,0.0055985777
355196,0.0055985777
355197,0.0055985777
355198,0.0055985777
355201,0.0055985777
355203,0.0055985777
355212,0.0055985777
355215,0.0055985777
355216,0.0055985777
355221,0.0055985777
355222,0.0055985777
355134,0.0055985777
355146,0.0055985777
354668,0.0055985777
355091,0.0055985777
354652,0.0055985777
354662,0.0055985777
354667,0.0055985777
354670,0.0055985777
354672,0.0055985777
354673,0.0055985777
354675,0.0055985777
354679,0.0055985777
355090,0.0055985777
354759,0.0055985777
354780,0.0055985777
354788,0.0055985777
354792,0.0055985777
354796,0.0055985777
354798,0.0055985777
354799,0.0055985777
354661,0.0055985777
354643,0.0055985777
354807,0.0055985777
354630,0.0055985777
354565,0.0055985777
354569,0.0055985777
354573,0.0055985777
354576,0.0055985777
354595,0.0055985777
354603,0.0055985777
354604,0.0055985777
354606,0.0055985777
354607,0.0055985777
354613,0.0055985777
354616,0.0055985777
354618,0.0055985777
354619,0.0055985777
354628,0.0055985777
354629,0.0055985777
354804,0.0055985777
354756,0.0055985777
354958,0.0055985777
354943,0.0055985777
354928,0.0055985777
354930,0.0055985777
354971,0.0055985777
354935,0.0055985777
354938,0.0055985777
354942,0.0055985777
354944,0.0055985777
354970,0.0055985777
354947,0.0055985777
354951,0.0055985777
354814,0.0055985777
354962,0.0055985777
354966,0.0055985777
354967,0.0055985777
354911,0.0055985777
354855,0.0055985777
354854,0.0055985777
354850,0.0055985777
354847,0.0055985777
354842,0.0055985777
354837,0.0055985777
354836,0.0055985777
354834,0.0055985777
354828,0.0055985777
354826,0.0055985777
354824,0.0055985777
354821,0.0055985777
354978,0.0055985777
354819,0.0055985777
354818,0.0055985777
354968,0.0055985777
355152,0.005598575
354810,0.005598575
354642,0.005598575
354820,0.005598575
354790,0.005598575
355815,0.005570997
355792,0.005570997
355793,0.005570997
355794,0.005570997
355795,0.005570997
355800,0.005570997
355801,0.005570997
355806,0.005570997
355808,0.005570997
355813,0.005570997
355816,0.005570997
355822,0.005570997
355827,0.005570997
355884,0.005570997
355899,0.005570997
355901,0.005570997
355909,0.005570997
355911,0.005570997
355916,0.005570997
355917,0.005570997
355791,0.005570997
355787,0.005570997
355789,0.005570997
355417,0.005570997
355420,0.005570997
355426,0.005570997
355429,0.005570997
355431,0.005570997
355434,0.005570997
355436,0.005570997
355458,0.005570997
355501,0.005570997
355519,0.005570997
355522,0.005570997
355525,0.005570997
355527,0.005570997
355532,0.005570997
355538,0.005570997
355542,0.005570997
355418,0.005570997
355413,0.005570997
355555,0.005570997
355411,0.005570997
355347,0.005570997
355361,0.005570997
355362,0.005570997
355364,0.005570997
355376,0.005570997
355379,0.005570997
355380,0.005570997
355382,0.005570997
355384,0.005570997
355389,0.005570997
355395,0.005570997
355397,0.005570997
355780,0.005570997
355403,0.005570997
355404,0.005570997
355545,0.005570997
355402,0.005570997
355762,0.005570997
355724,0.005570997
355729,0.005570997
355731,0.005570997
355737,0.005570997
355741,0.005570997
355745,0.005570997
355751,0.005570997
355756,0.005570997
355757,0.005570997
355759,0.005570997
355761,0.005570997
355769,0.005570997
355772,0.005570997
355773,0.005570997
355775,0.005570997
355776,0.005570997
355725,0.005570997
355734,0.005570997
355705,0.005570997
355633,0.005570997
355558,0.005570997
355559,0.005570997
355561,0.005570997
355565,0.005570997
355566,0.005570997
355567,0.005570997
355679,0.005570997
355570,0.005570997
355667,0.005570997
355672,0.005570997
355673,0.005570997
355677,0.005570997
355678,0.005570997
355557,0.005570997
356399,0.005543557
359675,0.005543557
359732,0.005543557
356387,0.005543557
359610,0.005543557
356303,0.005543557
356411,0.005543557
359858,0.005543557
356422,0.005543557
356156,0.005543557
359946,0.005543557
359956,0.005543557
360079,0.005543557
360040,0.005543557
359775,0.005543557
359954,0.005543557
359605,0.0055435547
359603,0.0055435547
356249,0.0055435547
356288,0.0055435547
359625,0.0055435547
356315,0.0055435547
359607,0.0055435547
356304,0.0055435547
356305,0.0055435547
359633,0.0055435547
356311,0.0055435547
359608,0.0055435547
356313,0.0055435547
356314,0.0055435547
359626,0.0055435547
356426,0.0055435547
356316,0.0055435547
356369,0.0055435547
359638,0.0055435547
356484,0.0055435547
356429,0.0055435547
356424,0.0055435547
356421,0.0055435547
356420,0.0055435547
356413,0.0055435547
356409,0.0055435547
356408,0.0055435547
356407,0.0055435547
356405,0.0055435547
356403,0.0055435547
356390,0.0055435547
356388,0.0055435547
356386,0.0055435547
356384,0.0055435547
356372,0.0055435547
356248,0.0055435547
359657,0.0055435547
359639,0.0055435547
360066,0.0055435547
360090,0.0055435547
360088,0.0055435547
360085,0.0055435547
360082,0.0055435547
360081,0.0055435547
360078,0.0055435547
360077,0.0055435547
360075,0.0055435547
360069,0.0055435547
360065,0.0055435547
356195,0.0055435547
360064,0.0055435547
360063,0.0055435547
360062,0.0055435547
360058,0.0055435547
359642,0.0055435547
356214,0.0055435547
360046,0.0055435547
360043,0.0055435547
360041,0.0055435547
360147,0.0055435547
356189,0.0055435547
360037,0.0055435547
356052,0.0055435547
356014,0.0055435547
356016,0.0055435547
356017,0.0055435547
356018,0.0055435547
356033,0.0055435547
356034,0.0055435547
356043,0.0055435547
356044,0.0055435547
356045,0.0055435547
356055,0.0055435547
356188,0.0055435547
356057,0.0055435547
356065,0.0055435547
356075,0.0055435547
356119,0.0055435547
356120,0.0055435547
356140,0.0055435547
356173,0.0055435547
356179,0.0055435547
356186,0.0055435547
360039,0.0055435547
360053,0.0055435547
360034,0.0055435547
359681,0.0055435547
359784,0.0055435547
359782,0.0055435547
359781,0.0055435547
359777,0.0055435547
359774,0.0055435547
360029,0.0055435547
359759,0.0055435547
359737,0.0055435547
359731,0.0055435547
359680,0.0055435547
359819,0.0055435547
359674,0.0055435547
359673,0.0055435547
359668,0.0055435547
356245,0.0055435547
359654,0.0055435547
359653,0.0055435547
356246,0.0055435547
359650,0.0055435547
359648,0.0055435547
359785,0.0055435547
359762,0.0055435547
359831,0.0055435547
359925,0.0055435547
360018,0.0055435547
360015,0.0055435547
356216,0.0055435547
359837,0.0055435547
359960,0.0055435547
359959,0.0055435547
359950,0.0055435547
359947,0.0055435547
359945,0.0055435547
359961,0.0055435547
359863,0.0055435547
356228,0.0055435547
359856,0.0055435547
359854,0.0055435547
359853,0.0055435547
356229,0.0055435547
359848,0.0055435547
359841,0.0055435547
359860,0.0055435547
357103,0.005516246
357092,0.005516246
357094,0.005516246
357095,0.005516246
357098,0.005516246
357100,0.005516246
357101,0.005516246
357119,0.005516246
357106,0.005516246
357107,0.005516246
357108,0.005516246
357109,0.005516246
357122,0.005516246
357128,0.005516246
357090,0.005516246
357091,0.005516246
356614,0.005516246
357089,0.005516246
356742,0.005516246
356638,0.005516246
356639,0.005516246
356642,0.005516246
356644,0.005516246
356734,0.005516246
356736,0.005516246
356745,0.005516246
356771,0.005516246
356746,0.005516246
356749,0.005516246
356752,0.005516246
356753,0.005516246
356757,0.005516246
356763,0.005516246
356637,0.005516246
356630,0.005516246
356628,0.005516246
356624,0.005516246
356617,0.005516246
356612,0.005516246
356611,0.005516246
356610,0.005516246
356608,0.005516246
356606,0.005516246
357086,0.005516246
356601,0.005516246
356600,0.005516246
356594,0.005516246
356588,0.005516246
356569,0.005516246
356565,0.005516246
356765,0.005516246
356602,0.005516246
356776,0.005516246
357066,0.005516246
356960,0.005516246
356966,0.005516246
356968,0.005516246
356969,0.005516246
357058,0.005516246
357064,0.005516246
357067,0.005516246
356957,0.005516246
357068,0.005516246
357069,0.005516246
357079,0.005516246
357081,0.005516246
357084,0.005516246
356777,0.005516246
356959,0.005516246
357077,0.005516246
356953,0.005516246
356859,0.005516246
356779,0.005516246
356950,0.005516246
356781,0.005516246
356789,0.005516246
356790,0.005516246
356792,0.005516246
356784,0.005516246
356884,0.005516246
356944,0.005516246
356949,0.005516246
356918,0.005516246
356924,0.005516246
356890,0.005516246
363696,0.0054890686
363763,0.0054890686
363695,0.0054890686
363684,0.0054890686
363590,0.0054890686
363682,0.0054890686
363588,0.0054890686
363583,0.0054890686
363480,0.0054890686
363712,0.0054890686
363479,0.0054890686
363697,0.0054890686
363753,0.0054890686
363730,0.0054890686
363738,0.0054890686
363740,0.0054890686
363770,0.0054890686
363751,0.0054890686
363752,0.0054890686
363754,0.0054890686
363767,0.0054890686
363756,0.0054890686
363757,0.0054890686
363759,0.0054890686
363477,0.0054890686
363478,0.0054890686
363319,0.0054890686
363476,0.0054890686
363322,0.0054890686
363788,0.0054890686
363780,0.0054890686
363276,0.0054890686
363282,0.0054890686
363284,0.0054890686
363288,0.0054890686
363289,0.0054890686
363304,0.0054890686
363315,0.0054890686
363317,0.0054890686
363320,0.0054890686
363328,0.0054890686
363771,0.0054890686
363776,0.0054890686
363337,0.0054890686
363338,0.0054890686
363774,0.0054890686
363345,0.0054890686
363346,0.0054890686
363439,0.0054890686
363446,0.0054890686
363455,0.0054890686
363465,0.0054890686
363467,0.0054890686
363764,0.0054890686
358001,0.0054083387
358410,0.0054083387
358438,0.0054083387
358432,0.0054083387
358431,0.0054083387
358430,0.0054083387
358005,0.0054083387
358331,0.0054083387
358300,0.0054083387
358282,0.0054083387
358281,0.0054083387
358276,0.0054083387
358269,0.0054083387
358264,0.0054083387
358258,0.0054083387
358250,0.0054083387
358248,0.0054083387
358235,0.0054083387
358233,0.0054083387
358232,0.0054083387
358434,0.0054083387
358442,0.0054083387
358228,0.0054083387
358443,0.0054083387
358482,0.0054083387
358481,0.0054083387
358480,0.0054083387
358479,0.0054083387
358471,0.0054083387
358467,0.0054083387
358466,0.0054083387
358464,0.0054083387
358463,0.0054083387
358462,0.0054083387
358457,0.0054083387
358456,0.0054083387
358454,0.0054083387
358453,0.0054083387
358452,0.0054083387
358451,0.0054083387
358444,0.0054083387
358229,0.0054083387
358256,0.0054083387
358066,0.0054083387
358059,0.0054083387
358167,0.0054083387
358157,0.0054083387
358144,0.0054083387
358138,0.0054083387
358071,0.0054083387
358067,0.0054083387
358222,0.0054083387
358054,0.0054083387
358008,0.0054083387
358048,0.0054083387
358030,0.0054083387
358046,0.0054083387
358044,0.0054083387
358033,0.0054083387
358040,0.0054083387
358037,0.0054083387
358026,0.0054083387
358029,0.0054083387
358178,0.0054083387
358206,0.0054083387
358220,0.0054083387
358216,0.0054083387
358213,0.0054083387
358212,0.0054083387
358211,0.0054083387
358207,0.0054083387
358036,0.0054083387
358199,0.0054083387
358197,0.0054083387
358195,0.0054083387
358193,0.0054083387
358006,0.0054083387
358192,0.0054083387
364309,0.005381693
364307,0.005381693
364135,0.005381693
363914,0.005381693
364333,0.005381693
364012,0.005381693
364015,0.005381693
364304,0.005381693
363918,0.005381693
363866,0.005381693
363923,0.005381693
364011,0.005381693
364109,0.005381693
364303,0.005381693
364048,0.005381693
364008,0.005381693
364006,0.005381693
364038,0.005381693
364045,0.005381693
364047,0.005381693
363906,0.005381693
363909,0.005381693
364172,0.005381693
364020,0.005381693
364332,0.005381693
364315,0.005381693
364318,0.005381693
364314,0.005381693
363868,0.005381693
364032,0.005381693
364033,0.005381693
363895,0.005381693
363896,0.005381693
363898,0.005381693
364302,0.005381693
364031,0.005381693
364036,0.005381693
364022,0.005381693
364312,0.005381693
363900,0.005381693
364311,0.005381693
363902,0.005381693
364319,0.005381693
364320,0.005381693
364321,0.005381693
363905,0.005381693
364150,0.005381693
364179,0.005381693
364167,0.005381693
363863,0.005381693
364299,0.005381693
364169,0.005381693
364035,0.005381693
364295,0.005381693
364182,0.005381693
364186,0.005381693
364165,0.005381693
364289,0.005381693
364194,0.005381693
364200,0.005381693
364293,0.005381693
364286,0.005381693
363862,0.005381693
364203,0.005381693
364223,0.005381693
364251,0.005381693
364252,0.005381693
364253,0.005381693
364278,0.005381693
364261,0.005381693
358833,0.005355178
358849,0.005355178
358604,0.0053551756
358621,0.0053551756
358616,0.0053551756
358592,0.0053551756
358602,0.0053551756
358601,0.0053551756
358593,0.0053551756
358588,0.0053551756
358569,0.0053551756
358568,0.0053551756
358742,0.0053551756
358769,0.0053551756
358626,0.0053551756
358847,0.0053551756
358731,0.0053551756
358960,0.0053551756
358733,0.0053551756
358946,0.0053551756
358911,0.0053551756
358734,0.0053551756
358842,0.0053551756
358975,0.0053551756
358841,0.0053551756
358740,0.0053551756
358836,0.0053551756
358835,0.0053551756
358834,0.0053551756
358808,0.0053551756
358974,0.0053551756
358970,0.0053551756
358726,0.0053551756
358987,0.0053551756
358693,0.0053551756
358708,0.0053551756
358709,0.0053551756
358717,0.0053551756
358721,0.0053551756
358723,0.0053551756
358988,0.0053551756
358984,0.0053551756
358983,0.0053551756
358981,0.0053551756
358725,0.0053551756
358980,0.0053551756
359340,0.00532879
359247,0.00532879
359467,0.00532879
359131,0.00532879
359389,0.00532879
359494,0.005328787
359487,0.005328787
359488,0.005328787
359468,0.005328787
359495,0.005328787
359499,0.005328787
359506,0.005328787
359507,0.005328787
359536,0.005328787
359477,0.005328787
359481,0.005328787
359255,0.005328787
359469,0.005328787
359223,0.005328787
359116,0.005328787
359121,0.005328787
359126,0.005328787
359130,0.005328787
359253,0.005328787
359134,0.005328787
359227,0.005328787
359222,0.005328787
359260,0.005328787
359135,0.005328787
359220,0.005328787
359201,0.005328787
359143,0.005328787
359400,0.005328787
359142,0.005328787
359141,0.005328787
359110,0.005328787
359244,0.005328787
359263,0.005328787
359369,0.005328787
359398,0.005328787
359393,0.005328787
359391,0.005328787
359390,0.005328787
359385,0.005328787
359384,0.005328787
359382,0.005328787
359373,0.005328787
359268,0.005328787
359370,0.005328787
359365,0.005328787
359270,0.005328787
359272,0.005328787
359362,0.005328787
359339,0.005328787
360648,0.005302534
360566,0.005302534
360577,0.005302534
360576,0.005302534
360575,0.005302534
360562,0.005302534
360581,0.005302534
360559,0.005302534
360558,0.005302534
360556,0.005302534
360553,0.005302534
360661,0.005302534
360583,0.005302534
360529,0.005302534
360597,0.005302534
360646,0.005302534
360610,0.005302534
360609,0.005302534
360601,0.005302534
360651,0.005302534
360598,0.005302534
360594,0.005302534
360655,0.005302534
360593,0.005302534
360653,0.005302534
360591,0.005302534
360590,0.005302534
360588,0.005302534
360654,0.005302534
360534,0.005302534
360563,0.005302534
360521,0.005302534
360278,0.005302534
360271,0.005302534
360269,0.005302534
360264,0.005302534
360263,0.005302534
360260,0.005302534
360254,0.005302534
360249,0.005302534
360235,0.005302534
360233,0.005302534
360225,0.005302534
360232,0.005302534
360226,0.005302534
360516,0.005302534
360230,0.005302534
360231,0.005302534
360273,0.005302534
360251,0.005302534
360279,0.005302534
360388,0.005302534
360468,0.005302534
360402,0.005302534
360401,0.005302534
360400,0.005302534
360282,0.005302534
360395,0.005302534
360393,0.005302534
360391,0.005302534
360396,0.005302534
360293,0.005302534
360292,0.005302534
360288,0.005302534
360286,0.005302534
360294,0.005302534
354239,0.005298958
361266,0.005224533
361152,0.005224533
361262,0.005224533
361261,0.005224533
361234,0.005224533
361166,0.005224533
361162,0.005224533
361158,0.005224533
361123,0.005224533
361145,0.005224533
361147,0.005224533
361146,0.005224533
361144,0.005224533
361140,0.005224533
361137,0.005224533
361136,0.005224533
361133,0.005224533
361129,0.005224533
361124,0.005224533
361263,0.005224533
361296,0.005224533
361117,0.005224533
361294,0.005224533
361314,0.005224533
361313,0.005224533
361312,0.005224533
361308,0.005224533
361306,0.005224533
361303,0.005224533
361299,0.005224533
361298,0.005224533
361295,0.005224533
361292,0.005224533
361269,0.005224533
361291,0.005224533
361287,0.005224533
361286,0.005224533
361285,0.005224533
361284,0.005224533
361278,0.005224533
361277,0.005224533
361273,0.005224533
361270,0.005224533
361118,0.005224533
361001,0.005224533
360842,0.005224533
360839,0.005224533
360955,0.005224533
360954,0.005224533
360923,0.005224533
360855,0.005224533
360854,0.005224533
360849,0.005224533
360847,0.005224533
360846,0.005224533
360843,0.005224533
360833,0.005224533
360989,0.005224533
360827,0.005224533
360825,0.005224533
360820,0.005224533
360814,0.005224533
360812,0.005224533
360810,0.005224533
361114,0.005224533
360789,0.005224533
360786,0.005224533
360979,0.005224533
360951,0.005224533
360990,0.005224533
361003,0.005224533
361028,0.005224533
361025,0.005224533
361024,0.005224533
361021,0.005224533
361015,0.005224533
361012,0.005224533
360991,0.005224533
361010,0.005224533
361006,0.005224533
361011,0.005224533
360998,0.005224533
361000,0.005224533
360997,0.005224533
361002,0.005224533
354633,0.0052217995
361698,0.005198788
361718,0.005198788
361715,0.005198788
361711,0.005198788
361710,0.005198788
361707,0.005198788
361706,0.005198788
361692,0.005198788
361778,0.005198788
361589,0.005198788
361690,0.005198788
361689,0.005198788
361594,0.005198788
361685,0.005198788
361617,0.005198788
361705,0.005198788
361721,0.005198788
361839,0.005198788
361822,0.005198788
361826,0.005198788
361865,0.005198788
361864,0.005198788
361861,0.005198788
361860,0.005198788
361859,0.005198788
361856,0.005198788
361855,0.005198788
361851,0.005198788
361577,0.005198788
361847,0.005198788
361845,0.005198788
361836,0.005198788
361835,0.005198788
361828,0.005198788
361827,0.005198788
361581,0.005198788
361552,0.005198788
361576,0.005198788
361547,0.005198788
361408,0.005198788
361575,0.005198788
361432,0.005198788
361433,0.005198788
361436,0.005198788
361437,0.005198788
361445,0.005198788
361446,0.005198788
361450,0.005198788
361463,0.005198788
361545,0.005198788
361442,0.005198788
361569,0.005198788
361565,0.005198788
361574,0.005198788
361551,0.005198788
361556,0.005198788
361566,0.005198788
361559,0.005198788
361867,0.005198785
361550,0.005198785
355392,0.0051963297
362488,0.005173169
362219,0.005173169
362586,0.005173169
362155,0.005173169
362227,0.005173169
362226,0.005173169
362223,0.005173169
362151,0.005173169
362171,0.005173169
362214,0.005173169
362154,0.005173169
362208,0.005173169
362152,0.005173169
362176,0.005173169
362174,0.005173169
362490,0.005173169
362247,0.005173169
362483,0.005173169
362481,0.005173169
362301,0.005173169
362142,0.005173169
362298,0.005173169
362449,0.005173169
362285,0.005173169
362273,0.005173169
362450,0.005173169
362451,0.005173169
362246,0.005173169
362458,0.005173169
362461,0.005173169
362242,0.005173169
362470,0.005173169
362233,0.005173169
362477,0.005173169
362144,0.005173169
362175,0.005173169
361989,0.005173169
362002,0.005173169
362127,0.005173169
361996,0.005173169
362125,0.005173169
362074,0.005173169
362015,0.005173169
362131,0.005173169
361986,0.005173169
362005,0.005173169
361976,0.005173169
361998,0.005173169
362220,0.0051731663
362132,0.0051731663
362203,0.0051731663
362003,0.0051731663
362463,0.0051731663
362479,0.0051731663
362296,0.0051731663
356054,0.005170983
359652,0.005170983
362891,0.005147673
362800,0.005147673
363160,0.005147673
362925,0.005147673
362701,0.005147673
362715,0.005147673
362717,0.005147673
362724,0.005147673
362918,0.005147673
362725,0.005147673
362727,0.005147673
362733,0.005147673
362735,0.005147673
362823,0.005147673
362895,0.005147673
362914,0.005147673
362824,0.005147673
362848,0.005147673
362850,0.005147673
362851,0.005147673
362853,0.005147673
362858,0.005147673
362860,0.005147673
362871,0.005147673
363168,0.005147673
362872,0.005147673
362890,0.005147673
363158,0.005147673
363138,0.005147673
363154,0.005147673
362953,0.005147673
363036,0.005147673
363034,0.005147673
363038,0.005147673
363033,0.005147673
363032,0.005147673
363023,0.005147673
362955,0.005147673
363039,0.005147673
363040,0.005147673
363167,0.005147673
363102,0.005147673
363121,0.005147673
362947,0.005147673
363152,0.005147673
363124,0.005147673
362941,0.005147673
363128,0.005147673
363129,0.005147673
363130,0.005147673
363136,0.005147673
363137,0.005147673
363143,0.005147673
363145,0.005147673
362930,0.005147673
362929,0.005147673
363149,0.005147673
362926,0.005147673
357905,0.005133977
364698,0.0051223026
364961,0.0051223002
364464,0.0051223002
364692,0.0051223002
364689,0.0051223002
365073,0.0051223002
364687,0.0051223002
364686,0.0051223002
364678,0.0051223002
364673,0.0051223002
364672,0.0051223002
364670,0.0051223002
364669,0.0051223002
364667,0.0051223002
364666,0.0051223002
364643,0.0051223002
364640,0.0051223002
364639,0.0051223002
364631,0.0051223002
364693,0.0051223002
364694,0.0051223002
364626,0.0051223002
364718,0.0051223002
364751,0.0051223002
364743,0.0051223002
364739,0.0051223002
364735,0.0051223002
364734,0.0051223002
364729,0.0051223002
364724,0.0051223002
364775,0.0051223002
364695,0.0051223002
364715,0.0051223002
364460,0.0051223002
364709,0.0051223002
364706,0.0051223002
364705,0.0051223002
364703,0.0051223002
364699,0.0051223002
364628,0.0051223002
364624,0.0051223002
364963,0.0051223002
364612,0.0051223002
364999,0.0051223002
364996,0.0051223002
364995,0.0051223002
364994,0.0051223002
364479,0.0051223002
364993,0.0051223002
364480,0.0051223002
364767,0.0051223002
364493,0.0051223002
364495,0.0051223002
364986,0.0051223002
364592,0.0051223002
364788,0.0051223002
364978,0.0051223002
364496,0.0051223002
364898,0.0051223002
364976,0.0051223002
364478,0.0051223002
364780,0.0051223002
365001,0.0051223002
364778,0.0051223002
364610,0.0051223002
364603,0.0051223002
364458,0.0051223002
364467,0.0051223002
364601,0.0051223002
364599,0.0051223002
364776,0.0051223002
364454,0.0051223002
364475,0.0051223002
364779,0.0051223002
364452,0.0051223002
365009,0.0051223002
364447,0.0051223002
365008,0.0051223002
365004,0.0051223002
364753,0.0051223002
355915,0.005069008
362245,0.0048646373
362928,0.004711126
364717,0.004688137
361592,0.0046331123
358298,0.0042932318
360011,0.004228896
353054,0.0042220266
354612,0.004198317
353386,0.0041458937
355373,0.003969311
359658,0.0033767505
356058,0.0033444501
359132,0.003262203
359636,0.0031663824
352298,0.0030379132
355182,0.0029848686
354853,0.0028573407
361854,0.0025744408
360049,0.002427011
356395,0.0024270099
364201,0.0021301587
354415,0.0020700563
361848,0.0017704844
360387,0.0017657889
361160,0.0004640741
353888,0.00043139848
360604,3.9441496e-05
